seq_id,group,signature_class,motif,abs_pos_1based
Smp_126140.1,all,Ca_DxDxDG_expanded,DIDGDG,471
Smp_126140.1,all,Ca_DxDxDG_expanded,DLDGNG,366
Smp_126140.1,all,Ca_DxDxDG_expanded,DIDGDG,471
Smp_126140.1,all,Ca_EFhand_like_12mer|score=4.00,DIDGDGTEDLAV,471
Smp_126140.1,all,Ca_EFhand_like_12mer|score=4.00,SIDLDSDVEQPE,646
Smp_126140.1,all,Ca_EFhand_like_12mer|score=3.50,DLDSDVEQPENK,648
Smp_126140.1,all,Ca_EFhand_like_12mer|score=3.50,EDDNEMKTDFYR,926
Smp_170280.1,all,Ca_DxDxDG_expanded,DIDGDG,489
Smp_170280.1,all,Ca_DxDxDG_expanded,DADGDG,565
Smp_170280.1,all,Ca_DxDxDG_expanded,DIDGDG,489
Smp_170280.1,all,Ca_DxDxDG_expanded,DADGDG,565
Smp_170280.1,all,Ca_EFhand_like_12mer|score=4.00,DQENEQVPKHHE,144
Smp_170280.1,all,Ca_EFhand_like_12mer|score=4.00,DIDGDGIDDVAI,489
Smp_170280.1,all,Ca_EFhand_like_12mer|score=4.00,DADGDGWPEFAV,565
Smp_245490.1,all,NxDxxxD,NNDTKVD,450
Smp_245490.1,all,Ca_DxDxDG_expanded,DYDGDG,513
Smp_245490.1,all,Ca_DxDxDG_expanded,DYDGDG,513
Smp_245490.1,all,Ca_EFhand_like_12mer|score=4.00,DYDGDGNDDVAV,513
Smp_245490.1,all,Ca_EFhand_like_12mer|score=3.50,RLELEVDSSNTD,873
Smp_245490.1,all,Ca_EFhand_like_12mer|score=3.50,CQDQDQDHQDQD,1426
Smp_306910.1,all,NxDxxxD,NGDGWDD,322
Smp_306910.1,all,NxDxxxD,NHDGFQD,411
Smp_306910.1,all,Ca_EFhand_like_12mer|score=3.50,DIDLEKETHMQP,90
